R,l,n_grid,c,gamma
0,1,2,0.14631988523516504,0.03657997130879126
0,2,4,0.20078917219458425,0.11202376204253059
0,3,8,1.1170978319039584,0.2594002627470072
0,4,16,0.9235634509419413,0.24507933493624093
0,5,32,3.0681428057804965,0.3128348463119417
0,6,64,23.98588781896001,0.4245537113163928
0,7,128,18.228290657379148,0.37848316976726226
0,8,256,24.438610083925596,0.37277739700805
0,9,512,28.403570389113156,0.3625984058150911
0,10,1024,36.405462961643934,0.3581431627225828
1,1,2,0.0907661512004505,0.022691537800112627
1,2,4,0.25872213130404464,0.12716183864077615
1,3,8,0.37326059810098755,0.1800020251349104
1,4,16,0.03246172628877275,0.10611649857778527
1,5,32,0.11771769646770736,0.16297026048073376
1,6,64,2.457847676625306,0.2904240000464878
1,7,128,11.544755589293345,0.35457593572914925
1,8,256,16.514285613993707,0.3549543334390615
1,9,512,19.993980528146494,0.3487260346149527
1,10,1024,28.225486859329976,0.3491436540752941
2,1,2,0.05119162801621835,0.012797907004054587
2,2,4,0.11452379793945511,0.08460341229061594
2,3,8,0.2218780462305432,0.15134849951479112
2,4,16,5.12851661296699,0.37621659662504886
2,5,32,1.5926220821324932,0.2743863833069168
2,6,64,7.254125325107907,0.3478330549206816
2,7,128,22.348595335170103,0.3896637823621303
2,8,256,33.247518971074896,0.38740026546697587
2,9,512,37.45062512726872,0.37391147579249157
2,10,1024,41.90948190097697,0.3632212409577094
3,1,2,0.11327151189830342,0.028317877974575856
3,2,4,0.237231700175756,0.12176609241075592
3,3,8,2.249729930320889,0.32757956666300336
3,4,16,4.3791098529737695,0.36164833389020073
3,5,32,9.2254034038599,0.38988549815400486
3,6,64,13.004272544665582,0.38337255492603917
3,7,128,16.24475325439471,0.3723051345242827
3,8,256,22.348050700489694,0.36863364003031013
3,9,512,26.540248189296108,0.359874996031291
3,10,1024,37.44100376049755,0.3591490789432899
4,1,2,0.017281186218556677,0.004320296554639169
4,2,4,0.27418764257407524,0.13090732470293517
4,3,8,0.5478972647176796,0.2045689515972837
4,4,16,0.13359540977049278,0.15114294939754275
4,5,32,1.848333134805216,0.2826806351783157
4,6,64,16.91300174733533,0.4005377534718918
4,7,128,16.095194137360522,0.37181352445341725
4,8,256,22.579470972559648,0.3691086551287574
4,9,512,27.289883357210783,0.3609904816096115
4,10,1024,39.480184124433435,0.3610587926834958
5,1,2,0.10786458404819932,0.02696614601204983
5,2,4,0.6436363696914835,0.2005673779698925
5,3,8,0.09217112676711636,0.11292886785260856
5,4,16,1.8089700120848846,0.2899331343431326
5,5,32,2.7825298190027183,0.306780657641572
5,6,64,5.7763094291010475,0.33487424718291064
5,7,128,17.976512898036162,0.3777318837505851
5,8,256,24.583125127050153,0.3730522340476526
5,9,512,27.24011378774594,0.3609172720617009
5,10,1024,29.866049036500044,0.3511217933970356
6,1,2,0.05692263822669075,0.014230659556672687
6,2,4,0.5313698172738572,0.18223779404836987
6,3,8,0.03650628708837189,0.08293335414312385
6,4,16,0.27886617642704437,0.18167240655443287
6,5,32,5.56178734651337,0.35235698450947844
6,6,64,7.784586090704579,0.3519486170258445
6,7,128,15.900119412734057,0.37116638342754904
6,8,256,21.439874209987465,0.3667269172901275
6,9,512,23.804825308412546,0.3555517219712609
6,10,1024,25.426800673245452,0.34551680929179485
7,1,2,0.029598034600943235,0.007399508650235809
7,2,4,0.17050375719781563,0.10323025150053387
7,3,8,0.489022293410752,0.19696220370118542
7,4,16,2.293030655587174,0.30763976709238317
7,5,32,9.735441324866372,0.39410426733288045
7,6,64,5.256499634415377,0.3296523037287427
7,7,128,14.699311199399745,0.3670259071380255
7,8,256,19.36448401266898,0.3620893488032145
7,9,512,21.374694703699788,0.3513230678634925
7,10,1024,23.944328558805864,0.3434474332170574
8,1,2,0.025846099174303472,0.006461524793575868
8,2,4,0.06591668433292774,0.06418561186752046
8,3,8,0.6086080317092879,0.2118617564326203
8,4,16,1.828418496516747,0.290709289819039
8,5,32,3.12476768415263,0.31398113539167083
8,6,64,5.008726217907679,0.3270101435140731
8,7,128,21.67074740305179,0.38795301897373646
8,8,256,29.596517729369225,0.3818080542846255
8,9,512,34.84896108219982,0.37093211415679167
8,10,1024,46.3164180527674,0.36687110280319735
9,1,2,0.2047819195601388,0.0511954798900347
9,2,4,0.47425529812423406,0.17216549053966834
9,3,8,0.42184083137473394,0.18749493784477442
9,4,16,3.3060429993906553,0.3371065051045076
9,5,32,12.350094933914761,0.41330824390651527
9,6,64,38.55794150842962,0.4595071943405191
9,7,128,20.812953676964753,0.38572110025883916
9,8,256,28.86658520200581,0.38061809837878713
9,9,512,33.74378706229618,0.36960626338427033
9,10,1024,43.661770557635464,0.3647120755660171
10,1,2,0.017121673869390897,0.004280418467347724
10,2,4,0.16295351368732547,0.10091875249653971
10,3,8,0.15684320131229157,0.13482235473590334
10,4,16,0.23335324371896604,0.17375746392369687
10,5,32,7.017353091009113,0.3691260323232556
10,6,64,4.600059222521395,0.32240411714156175
10,7,128,15.29709299062597,0.36912193386645253
10,8,256,22.33533920872287,0.368607423817806
10,9,512,24.938334966544062,0.35739420272871075
10,10,1024,27.03897696675267,0.3476474388566373
11,1,2,0.1736528721713413,0.04341321804283532
11,2,4,0.3405886683376078,0.14589993752946054
11,3,8,0.5317425884989042,0.2025382984640553
11,4,16,0.09695582418132176,0.13950297979987822
11,5,32,3.8384490016118775,0.3271682595303177
11,6,64,3.383331837081414,0.3063120683923364
11,7,128,15.714611330994558,0.37054463467810955
11,8,256,22.415228033976746,0.3687719704336491
11,9,512,25.837243298301473,0.3588031526227875
11,10,1024,31.86800333269639,0.3534072820892157
12,1,2,0.048844832015818795,0.012211208003954699
12,2,4,0.2920898567135026,0.13511334517579643
12,3,8,0.1045109328688234,0.11775894787208004
12,4,16,0.8453619874261733,0.23971802311036355
12,5,32,2.168211685833228,0.29185043491169416
12,6,64,3.7558923119104293,0.31169191027010945
12,7,128,18.283451358297498,0.3786465764504182
12,8,256,27.05905353504204,0.3775540070774631
12,9,512,32.55740156437969,0.36813931643562503
12,10,1024,45.329377685440704,0.36608167033279393
13,1,2,0.04020169341576696,0.01005042335394174
13,2,4,0.1662754986563897,0.10194223200432859
13,3,8,1.1034298332199413,0.2583379739510294
13,4,16,0.09968747432981218,0.14047536101932961
13,5,32,1.1775954224998486,0.2583088169959333
13,6,64,3.8235739586612,0.31262107910711395
13,7,128,14.017420002148356,0.3645438158923692
13,8,256,19.85447928497888,0.36322214713260087
13,9,512,23.50329337833682,0.35504846911438004
13,10,1024,31.827769231633283,0.3533626382219675
14,1,2,0.039477870375163926,0.009869467593790981
14,2,4,0.49510562996063534,0.1759093569783589
14,3,8,0.6503550667950435,0.21659920156026632
14,4,16,1.2010233393923357,0.2617145515469218
14,5,32,3.8203838860154065,0.32685972395228896
14,6,64,5.511761267754082,0.33226791667787225
14,7,128,17.531327684217104,0.37638112696821197
14,8,256,25.096735100822116,0.3740177058406394
14,9,512,27.681472842989024,0.36156239326868206
14,10,1024,28.55032271600794,0.3495434036559032
15,1,2,0.0793803748438,0.01984509371095
15,2,4,0.2987359879021527,0.13664186490195654
15,3,8,0.824980243029465,0.23447031020491585
15,4,16,1.0704676378449847,0.2542924079518155
15,5,32,0.05174355091548932,0.13826468051571686
15,6,64,8.204070990474065,0.3550407837749976
15,7,128,18.290335198871617,0.37866693929987205
15,8,256,24.896779042072012,0.37364390671732484
15,9,512,29.493230330961524,0.3641182872131302
15,10,1024,40.3645367390709,0.3618595226236251
16,1,2,0.18134527973508408,0.04533631993377102
16,2,4,0.2131025477965114,0.11540757876882246
16,3,8,0.4771283595475708,0.19535225059951547
16,4,16,2.268772219405946,0.306822873263331
16,5,32,2.0110154486536658,0.2874902298212512
16,6,64,15.11568078789287,0.3931074676849936
16,7,128,14.726612371567171,0.3671232126754465
16,8,256,20.649032366527535,0.3650080745181773
16,9,512,23.20189914421644,0.35453967793900104
16,10,1024,25.11492272443138,0.34509065060535754
17,1,2,0.24403672176230407,0.061009180440576016
17,2,4,0.5067360259607234,0.1779634839582132
17,3,8,0.7216744075866757,0.22424379956925128
17,4,16,3.484057827162701,0.34155555053254694
17,5,32,9.870058389336009,0.3951881860053499
17,6,64,7.784894868319725,0.3519509436761704
17,7,128,20.052731053478055,0.38367614561293034
17,8,256,29.614078190901637,0.3818363641433021
17,9,512,34.300945948270964,0.37027942020070553
17,10,1024,42.41076786577469,0.36365337474988635
18,1,2,0.06988790720968563,0.017471976802421407
18,2,4,0.3246630108497399,0.1424480192144094
18,3,8,0.02594420981974821,0.07400938999625928
18,4,16,1.99202161985599,0.2970048358440859
18,5,32,6.621929057240322,0.3648689554808415
18,6,64,6.022387087624338,0.3372107825535352
18,7,128,18.328427038270092,0.3787794988439282
18,8,256,26.226738426761585,0.37608242996274255
18,9,512,30.05651045241393,0.3648844905099022
18,10,1024,36.40555564092938,0.3581432538968508
19,1,2,0.039119118109451456,0.009779779527362864
19,2,4,0.1157876582477817,0.08506896402617324
19,3,8,0.25766531729689746,0.1590835706760643
19,4,16,0.49945762417956985,0.21016707037262336
19,5,32,4.462999897529357,0.3371827777043311
19,6,64,4.1735576021576435,0.3172179425398071
19,7,128,12.116089783036841,0.3570311244128248
19,8,256,18.74675778645178,0.3606249578162322
19,9,512,21.66251225079759,0.3518455802295404
19,10,1024,26.637603766168468,0.34712790250691644
20,1,2,0.1123724973298641,0.028093124332466024
20,2,4,0.2577537582310008,0.12692363802474915
20,3,8,0.1138857277667924,0.12117967288355994
20,4,16,2.2246726927146767,0.30532090406357526
20,5,32,1.0869764040654104,0.25420496691552363
20,6,64,11.492877960280566,0.3755589716272814
20,7,128,17.289668536419413,0.3756355400080198
20,8,256,24.62262541061864,0.3731271091932434
20,9,512,29.235687971275183,0.36376362261954964
20,10,1024,39.730595292698126,0.3612871506032649
21,1,2,0.16128291957127594,0.040320729892818985
21,2,4,0.1832346819938655,0.10701480096050543
21,3,8,0.5400747578551837,0.20359071544255827
21,4,16,1.441486814969295,0.27393194255234854
21,5,32,4.909705156014468,0.34367749253504587
21,6,64,18.78739813244374,0.4076158988876245
21,7,128,17.828545847206442,0.3772861430102553
21,8,256,23.7373680740493,0.37142324433071344
21,9,512,25.456198262036196,0.3582113079199222
21,10,1024,24.696281932352576,0.3445110578466239
22,1,2,0.008816057365275798,0.0022040143413189495
22,2,4,0.06526629913027637,0.0638681743565782
22,3,8,1.1341482020644094,0.26071335488951203
22,4,16,2.0263928641283258,0.29827779266108106
22,5,32,15.337379445235058,0.43160875054271564
22,6,64,3.677303768564798,0.3105953335261005
22,7,128,19.00779772818987,0.38075406775501397
22,8,256,26.900295118481154,0.37727639989826994
22,9,512,30.023519392998423,0.3648399677007063
22,10,1024,32.920331716304645,0.35455729789537804
23,1,2,0.054678439380297705,0.013669609845074426
23,2,4,0.6911062753958355,0.20783200478328576
23,3,8,1.36049127194741,0.27701626027734144
23,4,16,2.9157152420289947,0.3266828121749372
23,5,32,5.984863216030021,0.35756158560313905
23,6,64,3.331819698095842,0.3055298104196893
23,7,128,21.024949782447948,0.3862799324965979
23,8,256,30.338285151279706,0.3829912811388909
23,9,512,35.60008008548175,0.37181204117022065
23,10,1024,45.32077632914297,0.3660747232535594
24,1,2,0.14942154063604818,0.037355385159012044
24,2,4,0.145171047097997,0.09525329623495878
24,3,8,1.5446500820088467,0.2889903754787327
24,4,16,0.9185956526618497,0.24474910092082178
24,5,32,8.604469300274104,0.38448980311297104
24,6,64,5.2806191797401425,0.3299039256958522
24,7,128,18.815922738785048,0.38020260058877303
24,8,256,25.369400254894572,0.37452325027333144
24,9,512,29.56024235881341,0.36421011883228077
24,10,1024,38.99630848877132,0.36061381335212306
25,1,2,0.10348157873289088,0.02587039468322272
25,2,4,0.7440208594530215,0.21564160942594973
25,3,8,0.4818812025553001,0.19599876604393351
25,4,16,0.9786253817310353,0.24865324285978155
25,5,32,11.313482953418657,0.40612457889132536
25,6,64,12.705992820023312,0.3818927757642615
25,7,128,18.312102913054332,0.3787312864185512
25,8,256,26.1108990219509,0.3758743904552734
25,9,512,30.58181595968199,0.36558762209759876
25,10,1024,39.90814760338981,0.3614482826754419
26,1,2,0.04162617140739644,0.01040654285184911
26,2,4,0.281105574112984,0.13254847559312594
26,3,8,1.6093909238666306,0.292972725489131
26,4,16,0.8693872992666769,0.24140337163574935
26,5,32,9.542786848593039,0.3925319875801287
26,6,64,0.5184704032781156,0.2240753088256188
26,7,128,14.09067347396558,0.3648153605094819
26,8,256,19.967098571047245,0.36347904549238186
26,9,512,21.617080624288064,0.35176351405096895
26,10,1024,21.291719109227415,0.3394384858494584
27,1,2,0.030074110020140488,0.007518527505035122
27,2,4,0.0358760848212496,0.047352458239547604
27,3,8,0.1681680256822773,0.13799218259444382
27,4,16,2.080912160774389,0.30026412439438416
27,5,32,3.6085754914457766,0.3231522377910324
27,6,64,13.293556371170098,0.3847809290715148
27,7,128,14.431660497018129,0.3660636649596551
27,8,256,18.874042311599624,0.3609301185916549
27,9,512,21.395312356718932,0.35136070506747563
27,10,1024,25.16477443225449,0.34515908804910744
28,1,2,0.035136740464314586,0.008784185116078647
28,2,4,0.13992491431223542,0.09351634693739225
28,3,8,0.6282907048165214,0.2141214719478926
28,4,16,2.842853517935623,0.3246225084391294
28,5,32,7.187133269398203,0.3708951448222361
28,6,64,0.1424702009549037,0.18067331572273873
28,7,128,15.649023510055486,0.37032330472347097
28,8,256,21.839090478242724,0.36757361297804886
28,9,512,26.30093797799782,0.359512992941093
28,10,1024,37.701666572946124,0.35939833723197334
29,1,2,0.2737366264717007,0.06843415661792518
29,2,4,0.407761327206992,0.1596404803000699
29,3,8,0.23520804948474705,0.15432065885782764
29,4,16,2.4972620510727666,0.3142722523372161
29,5,32,9.23424174191615,0.38996017499792257
29,6,64,21.023539799318996,0.4153277814615394
29,7,128,20.72389550277967,0.3854848821221875
29,8,256,26.963777480654244,0.37738757760787844
29,9,512,31.000956419215072,0.36614099068246353
29,10,1024,40.489582798210904,0.361971467796977
30,1,2,0.06172046566622358,0.015430116416555895
30,2,4,0.10759071663052744,0.08200255965156188
30,3,8,2.0947695339289325,0.31987877559205147
30,4,16,0.5905952531462617,0.21916060804504656
30,5,32,2.507934155426369,0.3004714651563175
30,6,64,12.463888427512302,0.380670247195799
30,7,128,18.44712869328032,0.37912897514481453
30,8,256,24.935754344638553,0.3737169729962202
30,9,512,27.645064153097337,0.3615095231103749
30,10,1024,30.474582331837155,0.35183074252739405
31,1,2,0.02000393245747123,0.005000983114367807
31,2,4,0.22954953003797662,0.11977831868653667
31,3,8,0.24597689667175615,0.15664075990485504
31,4,16,4.104038067918381,0.3558302402071995
31,5,32,12.27054365352086,0.41277441410786425
31,6,64,17.123569160759416,0.4013645925291202
31,7,128,19.81354202352486,0.3830189942766304
31,8,256,27.115380189025018,0.37765215819903947
31,9,512,30.645930097904056,0.3656727036089182
31,10,1024,36.36619774589781,0.35810451632909096
32,1,2,0.104155182266509,0.02603879556662725
32,2,4,0.20378263022649534,0.11285572377666965
32,3,8,1.9482630020902967,0.3122404779791045
32,4,16,4.802570523082082,0.3700909339650729
32,5,32,2.4600916529313963,0.29931622977644545
32,6,64,0.194487824414864,0.19029267816022644
32,7,128,16.458619394805282,0.3730014282134114
32,8,256,25.625417958515754,0.37499361957161476
32,9,512,30.20015238210908,0.3650778363823218
32,10,1024,39.110819197492674,0.36071956612724515
33,1,2,0.00104697866373904,0.00026174466593476
33,2,4,0.05023534011837505,0.05603310412067531
33,3,8,0.40419540705804025,0.1848433369133948
33,4,16,1.5618152664400782,0.27947786993812357
33,5,32,8.084341006778686,0.37972477507141533
33,6,64,18.5345379243372,0.4066963760539886
33,7,128,21.112382226277987,0.38650900293623264
33,8,256,28.36708859013015,0.3797885385965861
33,9,512,33.759792933706194,0.369625738981123
33,10,1024,45.954628015402704,0.3665835175507546
34,1,2,0.20671752956046396,0.05167938239011599
34,2,4,0.4034411433449261,0.15879254220226427
34,3,8,1.0462024441597038,0.253792384077405
34,4,16,3.585027110613808,0.3440037047463321
34,5,32,12.201917359518006,0.4123116674926554
34,6,64,29.263461424537354,0.4388616428739291
34,7,128,15.692281278754308,0.3704693696519422
34,8,256,22.36880694447609,0.3686764197262174
34,9,512,27.012764120241627,0.3605813279474064
34,10,1024,38.99214456451591,0.36060996262671485
35,1,2,0.08361037497486157,0.020902593743715392
35,2,4,0.11171744404161998,0.08356039882983594
35,3,8,0.7211753613790677,0.22419209858899283
35,4,16,1.2345201645093482,0.2635205909147688
35,5,32,1.6494146726022336,0.2763159656700209
35,6,64,21.31500918140182,0.4162819650905247
35,7,128,22.225448173938275,0.38935631849971347
35,8,256,29.699047341171536,0.3819731388612898
35,9,512,33.98723325875471,0.36990160014672857
35,10,1024,41.71009547368158,0.3630480655859497
36,1,2,0.15731216874348664,0.03932804218587166
36,2,4,0.6351614002337582,0.19924253440119127
36,3,8,1.497506566382075,0.2860199021951379
36,4,16,5.953122002299523,0.3905046452737009
36,5,32,7.379789099554614,0.37286257869992045
36,6,64,11.668430189564788,0.37650904515953826
36,7,128,21.1634947567145,0.38664253991641473
36,8,256,31.86060594672017,0.3853423686258571
36,9,512,36.63047961599659,0.37299267079610293
36,10,1024,43.44265190081205,0.36452862841977685
37,1,2,0.05663400296271481,0.014158500740678703
37,2,4,0.020822287688940122,0.03607482474744344
37,3,8,0.7820793675042097,0.23033341761026582
37,4,16,0.6289218238350287,0.2226328136386329
37,5,32,0.04241254624037083,0.13287365391348574
37,6,64,2.5435648851553196,0.292088065327561
37,7,128,19.687882652300686,0.3826710269190662
37,8,256,26.76133466324245,0.3770322326459055
37,9,512,27.656971009913832,0.36152682022414334
37,10,1024,22.46190971485339,0.3412594420643274
38,1,2,0.027699056879554984,0.006924764219888746
38,2,4,0.4643416719310789,0.17035655107947106
38,3,8,1.7745494882159036,0.30267000258056703
38,4,16,4.904445491810108,0.37203815905750043
38,5,32,11.097717540133033,0.4045635411786726
38,6,64,7.901406857733036,0.3528234260657947
38,7,128,20.838080518593415,0.3857875900466493
38,8,256,28.51322875468759,0.3800325611034918
38,9,512,30.238406146527268,0.36512918912411496
38,10,1024,26.69789037614828,0.3472063850985082
39,1,2,0.11727056571213668,0.02931764142803417
39,2,4,0.03916190407628228,0.049473417152726
39,3,8,1.1640794744044243,0.2629869626251767
39,4,16,3.6024457307250373,0.34442079943270776
39,5,32,9.344010103814298,0.39088289714802815
39,6,64,4.155418240827657,0.31698774009285613
39,7,128,16.106136956478622,0.37184962665069454
39,8,256,23.706451239428134,0.37136273962494504
39,9,512,27.69588983138965,0.3615833115303591
39,10,1024,34.818311229755636,0.3565502776468838
40,1,2,0.08526304381020067,0.021315760952550167
40,2,4,0.0027935939391738884,0.013213614993572653
40,3,8,0.7147730747246328,0.2235266984277779
40,4,16,0.5128938896696411,0.21156649439414668
40,5,32,8.878790371365994,0.3869107257180009
40,6,64,8.33508271467963,0.35597950460149885
40,7,128,15.695295490864737,0.37047953462528094
40,8,256,22.361178949875466,0.3686607020719271
40,9,512,27.343102324201027,0.3610686339316937
40,10,1024,39.859896392561495,0.36140455773589875
41,1,2,0.21531351055020664,0.05382837763755166
41,2,4,0.4487443845861314,0.16747096475697873
41,3,8,1.0780233006102975,0.25633980993261124
41,4,16,4.588947062462154,0.36590493812354674
41,5,32,13.662454207457358,0.42174093112140165
41,6,64,2.028190332443046,0.2812708938858829
41,7,128,17.951983854371065,0.3776582096435592
41,8,256,24.035200408230594,0.37200260160072507
41,9,512,27.2937193888647,0.3609961193699975
41,10,1024,32.53659583395347,0.35414182412126904
42,1,2,0.0340664669302142,0.00851661673255355
42,2,4,0.08124345977621417,0.07125809593311756
42,3,8,1.2761110907870687,0.2711665837341586
42,4,16,3.0150628367234162,0.32943072389585
42,5,32,0.9608658676472714,0.24801192427167004
42,6,64,5.290985937413097,0.33001178046761304
42,7,128,15.70023886812487,0.3704962017938092
42,8,256,23.170689832477365,0.3703031267430905
42,9,512,25.976165348431095,0.35901699963393
42,10,1024,28.735573745216243,0.349769548133217
43,1,2,0.18200105244901854,0.045500263112254635
43,2,4,0.39153247411533254,0.15643138953614227
43,3,8,1.66188795392463,0.2961242146676099
43,4,16,2.55729756960001,0.31614427753682
43,5,32,1.3004583832508274,0.26348706532501087
43,6,64,7.710695017303806,0.3513896210321062
43,7,128,19.184561553759522,0.3812578973719641
43,8,256,25.243880917369097,0.37429112030856104
43,9,512,29.892381728917826,0.364662560875066
43,10,1024,41.23654342384543,0.3626337608987583
44,1,2,0.08605331275910455,0.021513328189776137
44,2,4,0.10026581116556699,0.07916194286301932
44,3,8,1.328662524688479,0.2748389225213207
44,4,16,0.5167331227323757,0.2119613045958586
44,5,32,4.418568260989787,0.33650871981389535
44,6,64,7.021251167968785,0.34594662139480803
44,7,128,16.876885046314783,0.37434107139195355
44,8,256,24.658651157260465,0.37319530656162075
44,9,512,27.589505436830223,0.36142872521173547
44,10,1024,30.18354285461828,0.3514932830177864
45,1,2,0.052030293059522226,0.013007573264880556
45,2,4,0.02864103169057053,0.042309153627325825
45,3,8,1.1821026125001062,0.2643372703881044
45,4,16,0.07009306195061527,0.12863488622061017
45,5,32,9.610931724262173,0.3930910059019307
45,6,64,20.223472751470126,0.41265074264194446
45,7,128,17.421489002570524,0.37604334271210205
45,8,256,26.043995257547067,0.3757538677609179
45,9,512,29.469909752486274,0.36408628576510554
45,10,1024,33.75814930780325,0.3554494705224661
46,1,2,0.20914800302007652,0.05228700075501913
46,2,4,0.2148683453596103,0.11588473404627395
46,3,8,0.2989161501841764,0.1671564485430223
46,4,16,0.15942096082926582,0.15797063512579648
46,5,32,5.436385063740147,0.35075353024913586
46,6,64,6.042639689908356,0.33739951851536965
46,7,128,16.901421836812915,0.37441877200715257
46,8,256,24.75251556968942,0.3733725849080223
46,9,512,29.495399854844436,0.3641212631785225
46,10,1024,39.78627670556307,0.361337752168766
47,1,2,0.11974114923452772,0.02993528730863193
47,2,4,0.15582038896041261,0.09868522842870552
47,3,8,1.6215602667324802,0.2937093057695635
47,4,16,5.653839692039156,0.38550133048687024
47,5,32,17.351059371669066,0.4423899046962999
47,6,64,10.002993711802901,0.36696812365540216
47,7,128,17.30424815317201,0.3756807746521061
47,8,256,23.82234603948018,0.3715891929505926
47,9,512,28.583039414021187,0.3628522595012628
47,10,1024,40.03289021726232,0.36156110351892584
48,1,2,0.03144972195542062,0.007862430488855154
48,2,4,0.16259165097959283,0.1008066376099538
48,3,8,0.8201163122311002,0.23400860378554963
48,4,16,2.7667321274518883,0.3224272854876048
48,5,32,4.134216375449341,0.3320615947060349
48,6,64,5.676143774831871,0.3338993497171085
48,7,128,14.249497844466532,0.36539997831284915
48,8,256,20.905641483586805,0.3655720178754875
48,9,512,25.360994098038645,0.3580622063686307
48,10,1024,36.22705444449093,0.35796726292164255
49,1,2,0.05584796695330363,0.013961991738325907
49,2,4,0.12717831010163216,0.08915517024464711
49,3,8,0.46732624552242186,0.19400521283232947
49,4,16,3.147785859566966,0.33299775354701505
49,5,32,1.5866036864566695,0.27417869214533835
49,6,64,13.087433241686085,0.38378007368485606
49,7,128,17.688978235206378,0.3768627894323159
49,8,256,24.31915333721554,0.3725491398740933
49,9,512,26.898411746224156,0.3604114036819457
49,10,1024,28.89143404981587,0.34995879991099466
50,1,2,0.08262473993617703,0.020656184984044257
50,2,4,0.3690296438291538,0.1518695253805783
50,3,8,0.8839411760571032,0.23992810853604363
50,4,16,2.0210329687420767,0.29808035735401534
50,5,32,4.419057871470727,0.3365161770210415
50,6,64,5.163166315561284,0.32866946746169257
50,7,128,17.471943205404386,0.37619872930162446
50,8,256,25.123460305934714,0.37406746851933453
50,9,512,28.158880394155858,0.3622499920193216
50,10,1024,31.70698276348412,0.35322830744414047
51,1,2,0.02146644669505582,0.005366611673763955
51,2,4,0.011786628337175031,0.02714155984967407
51,3,8,1.416868483081121,0.2807910033026945
51,4,16,2.6344115283381058,0.3185010828658409
51,5,32,6.201754538167734,0.3601164193557203
51,6,64,2.6595952129696343,0.2942677029052644
51,7,128,16.64449815653461,0.3736003309735992
51,8,256,23.14973896315496,0.37026125680290045
51,9,512,27.515740943636047,0.3613212272491965
51,10,1024,37.41924413049128,0.3591282007753374
52,1,2,0.09428657814284991,0.023571644535712477
52,2,4,1.0519493157433555,0.25641145105856666
52,3,8,2.168032696430018,0.3235653079353615
52,4,16,0.8817145690731394,0.24225458917802967
52,5,32,7.646029922286118,0.3755149288259363
52,6,64,1.6938528963514727,0.2729517965728628
52,7,128,13.010845727271771,0.36068369703866043
52,8,256,18.55406621964721,0.3601595180107104
52,9,512,22.747911335725803,0.35376208870510656
52,10,1024,33.39040551788639,0.35506035096306654
53,1,2,0.07357991210826365,0.01839497802706591
53,2,4,0.07687178962563657,0.06931440580140816
53,3,8,0.604077312498049,0.21133471882971566
53,4,16,3.5668752309462803,0.3435674315333922
53,5,32,16.35360253305504,0.4371824265994555
53,6,64,37.72130215614925,0.4578302189156302
53,7,128,16.54289257270102,0.37327367161946673
53,8,256,24.80175760685961,0.37346535146219845
53,9,512,29.139665734459413,0.3636306782144646
53,10,1024,36.30222084291745,0.3580414671879151
54,1,2,0.1444328936692092,0.0361082234173023
54,2,4,0.32314934796048256,0.14211556652080784
54,3,8,0.838044046235563,0.2357014695956081
54,4,16,0.24842374577181658,0.17649738902650425
54,5,32,1.904112623512333,0.2843665670645709
54,6,64,2.080602176631146,0.28246947109613685
54,7,128,15.62239683277221,0.37023322446047724
54,8,256,23.7806968978839,0.37150792355348816
54,9,512,27.80968464136822,0.3617480827132326
54,10,1024,34.99133335228544,0.35672706268897014
55,1,2,0.11658815554812163,0.029147038887030408
55,2,4,0.05502451099288663,0.05864325994566993
55,3,8,0.5593888819822936,0.2059892796206835
55,4,16,0.6738670688698676,0.22650801127900438
55,5,32,1.000051907219472,0.25000259530708807
55,6,64,22.523736130506677,0.42012650427346243
55,7,128,19.565977133544948,0.3823316304877226
55,8,256,27.867993379295513,0.37894677990632014
55,9,512,32.67281270350213,0.36828408839201593
55,10,1024,42.3108396937605,0.36356759982410863
56,1,2,0.09966496214703913,0.02491624053675978
56,2,4,0.30045101068680147,0.13703352935659613
56,3,8,0.10240399992638771,0.11696223240656485
56,4,16,2.683607014665398,0.3199777190859884
56,5,32,6.737488586799259,0.36613362643307673
56,6,64,5.168017906925797,0.3287209199329333
56,7,128,17.250196989121832,0.37551291150397687
56,8,256,24.65963440440828,0.37319716664318625
56,9,512,28.917256593413185,0.3633212471557607
56,10,1024,37.24285632837564,0.35895855382342423
57,1,2,0.3184946614122315,0.07962366535305787
57,2,4,0.8152847004248249,0.22573279286924963
57,3,8,1.5088727925674377,0.2867417190310115
57,4,16,4.069720023599544,0.3550840313763037
57,5,32,5.41938076864119,0.3505338330518754
57,6,64,12.028525636514132,0.37842115626387973
57,7,128,15.30435703000694,0.36914696916230755
57,8,256,21.9382618656673,0.3677818437748872
57,9,512,25.395907783153234,0.3581169432205718
57,10,1024,32.112006968818605,0.3536769474899573
58,1,2,0.11951600490172254,0.029879001225430635
58,2,4,0.5610420630179789,0.18725685284823004
58,3,8,1.0564102228382204,0.2546151299410993
58,4,16,0.12707793539897239,0.1492648491054099
58,5,32,6.024754207348678,0.3580369718810055
58,6,64,8.017515385302886,0.35368228605426183
58,7,128,14.845191589507522,0.36754406109229226
58,8,256,20.739826792567328,0.36520830860117276
58,9,512,24.106977392482804,0.35605035778539157
58,10,1024,31.598938821000047,0.35310775725768795
59,1,2,0.006952528228277188,0.001738132057069297
59,2,4,0.11435885354094211,0.08454246475179726
59,3,8,1.6543011060785489,0.2956729052894075
59,4,16,3.55002075118864,0.3431608473922361
59,5,32,7.600931159681522,0.37507089822051504
59,6,64,11.360840640154038,0.37483639581880296
59,7,128,17.98646554474726,0.37776175240904125
59,8,256,24.578184472258727,0.3730428613357829
59,9,512,28.73818484772346,0.3630705689497072
59,10,1024,37.61665501492098,0.35931721599433153
60,1,2,0.1437719606439285,0.035942990160982125
60,2,4,0.3342684054467906,0.14453987456900746
60,3,8,1.7355008560704164,0.30043345075209144
60,4,16,7.692768813905076,0.4163520227642815
60,5,32,10.218989171105477,0.3979436659597728
60,6,64,16.48007611816729,0.39881046344880094
60,7,128,18.110477150436054,0.37813273772851763
60,8,256,24.684267402881233,0.37324374554827955
60,9,512,28.52189509634627,0.3627659321766451
60,10,1024,34.83875438431278,0.35657120654046426
61,1,2,0.05336427231495966,0.013341068078739915
61,2,4,0.16675767708823663,0.10208993494960603
61,3,8,1.004513047431999,0.2503755229336768
61,4,16,4.156614709209492,0.3569644370286492
61,5,32,11.14861102231498,0.40493392331762235
61,6,64,15.988429849206568,0.3968024192266453
61,7,128,19.361207967400333,0.38175743281340063
61,8,256,25.736097601344227,0.3751956940501773
61,9,512,29.589291885495186,0.3642498700977918
61,10,1024,37.76593318756204,0.35945955366689436
62,1,2,0.12966908514175524,0.03241727128543881
62,2,4,0.021354119123916604,0.03653262165852306
62,3,8,0.3392018172483944,0.17435165148571793
62,4,16,1.7005151121238384,0.28548620835353117
62,5,32,6.76162500804719,0.3663955792116403
62,6,64,8.916429101879658,0.36000221160749374
62,7,128,14.595035440977881,0.36665282090365414
62,8,256,21.501099691951822,0.3668576610042499
62,9,512,24.25469257927034,0.3562921105895272
62,10,1024,27.349323582369834,0.3480444138121126
63,1,2,0.012053200851200874,0.0030133002128002184
63,2,4,0.6358813295690613,0.19935541903361026
63,3,8,2.032582612003935,0.31668153693656104
63,4,16,4.704940496527172,0.3681955560692444
63,5,32,5.3925196173327095,0.35018565800810925
63,6,64,0.9362146428748019,0.24726875770114493
63,7,128,17.45150830586317,0.3761358412158933
63,8,256,24.076220879287575,0.37208190372737854
63,9,512,27.756799362192396,0.3616715812373989
63,10,1024,35.24176130921114,0.3569815486120655
64,1,2,0.09658952045444225,0.02414738011361056
64,2,4,0.3335694019041773,0.1443886685962963
64,3,8,1.6560233448075472,0.2957754748313816
64,4,16,0.6677113402718362,0.22598894605549455
64,5,32,3.919733197496271,0.32854231282255947
64,6,64,0.7560872201183884,0.2386173353277302
64,7,128,21.46998150152467,0.3874375197645516
64,8,256,30.12857728113886,0.38265935636286175
64,9,512,36.44332646031398,0.3727804438242985
64,10,1024,52.43635900935624,0.3714524793469941
65,1,2,0.19560653440984188,0.04890163360246047
65,2,4,0.4638712177622253,0.1702702296649038
65,3,8,0.5841947287668461,0.2089901831960437
65,4,16,0.3865923410457981,0.19713027153086427
65,5,32,8.206445906871977,0.3808649705089381
65,6,64,9.248915726439463,0.36220558760397936
65,7,128,14.340902619345798,0.3657339033357243
65,8,256,22.73577840769576,0.36942708843787425
65,9,512,27.326100685779238,0.3610436816485792
65,10,1024,36.696159532875754,0.358428116590726
66,1,2,0.1682803760651277,0.04207009401628192
66,2,4,0.9399004956440233,0.2423711636679402
66,3,8,1.865567755183477,0.30775870857957494
66,4,16,3.450369637117035,0.3407268941544925
66,5,32,2.8534843275837716,0.3083295201196939
66,6,64,8.560858321126489,0.3575687533035928
66,7,128,17.20589058855785,0.3753749754492999
66,8,256,23.24521371917581,0.3704517934128405
66,9,512,26.66451724091894,0.3600618339897451
66,10,1024,33.188037139130756,0.35484457128956154
67,1,2,0.018128692498350363,0.004532173124587591
67,2,4,0.04298231870941649,0.0518304439430971
67,3,8,0.05759406293546476,0.0965456211169624
67,4,16,0.2791875566083206,0.18172472617958002
67,5,32,0.3224629400251615,0.1993590569223992
67,6,64,5.4902968794554,0.3320519080597506
67,7,128,15.692367634705079,0.3704696608975792
67,8,256,22.80317317268782,0.3695637960009935
67,9,512,25.632543438056018,0.358486181788672
67,10,1024,29.119320830795914,0.35023386177609933
68,1,2,0.231063915418247,0.05776597885456175
68,2,4,0.6930675929833674,0.20812670314368711
68,3,8,1.4703253437579633,0.2842788106031561
68,4,16,3.2859808149733283,0.33659391816475104
68,5,32,8.39708975002145,0.38261832634901577
68,6,64,7.586329008604025,0.3504386141999993
68,7,128,20.010015733887485,0.38355928350696833
68,8,256,27.92758545702236,0.37904797631891857
68,9,512,32.399277294025524,0.3679402226034009
68,10,1024,41.21264134265948,0.3626127359472354
69,1,2,0.19581916796299392,0.04895479199074848
69,2,4,0.03754514812395726,0.04844142604989379
69,3,8,0.8885313428058836,0.24034269464450267
69,4,16,2.650606338165872,0.31898944773352556
69,5,32,2.4963021366557427,0.30019222401023393
69,6,64,22.609722923795516,0.42039339310050705
69,7,128,17.686863470101343,0.3768563526790896
69,8,256,24.050936157695105,0.372033036461063
69,9,512,27.43857333327469,0.36120849536951793
69,10,1024,33.151876691379584,0.35480588977875854
70,1,2,0.04544634991521068,0.01136158747880267
70,2,4,0.1930022199403183,0.10983004482503816
70,3,8,1.9104704356018232,0.31020832530615483
70,4,16,5.51914241567988,0.3831844783963226
70,5,32,1.3521843748462743,0.2655505414686796
70,6,64,2.7058832598122535,0.29511515884321105
70,7,128,17.528490919256,0.3763724259823257
70,8,256,26.722358424762206,0.3769635483357986
70,9,512,31.650369778857566,0.3669853798335948
70,10,1024,41.09835873451084,0.3625120577811337
71,1,2,0.1262391508768026,0.03155978771920065
71,2,4,0.24571789743563688,0.12392485057375419
71,3,8,0.32250092738310343,0.17144191059211558
71,4,16,1.6874875851025024,0.28493785804667066
71,5,32,5.048217680589119,0.3455951375193545
71,6,64,6.384169642086363,0.3405054586241694
71,7,128,13.931108312084689,0.36422230021018537
71,8,256,21.756393520758138,0.36739934005676056
71,9,512,25.34376434108708,0.35803516927392176
71,10,1024,29.544481571181677,0.35074189658829774
72,1,2,0.10516212821782811,0.026290532054457028
72,2,4,0.23039306317095054,0.11999819352050434
72,3,8,0.444363541172379,0.1907741299987497
72,4,16,1.4288162988910926,0.2733279899622886
72,5,32,6.915621633917567,0.3680495181720003
72,6,64,1.9010421071398014,0.2782522157829111
72,7,128,18.99443693221474,0.3807158224693052
72,8,256,27.976613274688134,0.3791310914411198
72,9,512,32.10106045566499,0.367562376514171
72,10,1024,38.33727652730886,0.3599996963205263
73,1,2,0.33455765962610107,0.08363941490652527
73,2,4,0.553699209678495,0.18602741895996389
73,3,8,0.8002409025252817,0.2321027345609009
73,4,16,0.5125865791306978,0.21153479620650514
73,5,32,0.4433310502305403,0.21246413945154605
73,6,64,3.8286630546613196,0.31269038935246124
73,7,128,16.64189811639335,0.37359199324726217
73,8,256,22.813090379604546,0.36958388280780213
73,9,512,25.90210788141121,0.3589031275541525
73,10,1024,30.469889664673246,0.3518253244416868
74,1,2,0.06645382552743984,0.01661345638185996
74,2,4,0.43189301676583014,0.16429641976581347
74,3,8,0.8483614200609466,0.23666478741442648
74,4,16,1.5744336124759002,0.28004066281966095
74,5,32,7.26817764807015,0.37172786334382035
74,6,64,19.024973345450917,0.4084704885813414
74,7,128,13.475973351677567,0.36249810739501265
74,8,256,18.60241361669614,0.36027669553657
74,9,512,21.606442566378973,0.3517442756666528
74,10,1024,28.037976616062224,0.3489110113053699
75,1,2,0.06653097764237015,0.016632744410592537
75,2,4,0.24521345070189327,0.12379757941441476
75,3,8,0.6132201490281446,0.21239558295985467
75,4,16,3.26559745057466,0.33607071561462815
75,5,32,3.420902522704637,0.3197187810576759
75,6,64,6.718306182841388,0.3434129282822204
75,7,128,18.489713393073544,0.3792538814848212
75,8,256,26.748208272925694,0.377009110973014
75,9,512,31.23023934592493,0.3664408925543573
75,10,1024,39.34722634614445,0.3609370139165294
76,1,2,0.10609115414760462,0.026522788536901154
76,2,4,0.11652885097662757,0.08534080610141448
76,3,8,0.3149691319314982,0.17009674638977534
76,4,16,1.1435017750585672,0.25852301931490046
76,5,32,9.7941154568814,0.39457816842068316
76,6,64,24.877164860336734,0.42714319259365496
76,7,128,14.160582805189733,0.3650733825923654
76,8,256,20.04223230794014,0.3636497305681022
76,9,512,23.61263772964594,0.35523162314369605
76,10,1024,29.866158890072256,0.351121922546758
77,1,2,0.15770388515137368,0.03942597128784342
77,2,4,0.18493514380574094,0.10751021573719778
77,3,8,0.7122615622122481,0.22326458777619348
77,4,16,1.4298700029729474,0.2733783685877487
77,5,32,0.9303723718322772,0.24641739930565973
77,6,64,15.496330530907926,0.3947403185009767
77,7,128,15.568919836810892,0.37005190905734564
77,8,256,22.116926094509836,0.3681549164179942
77,9,512,24.37661047981237,0.35649065933669954
77,10,1024,25.359853059635498,0.3454257283144911
78,1,2,0.07846880824667846,0.019617202061669614
78,2,4,0.1232697173895243,0.08777446859335161
78,3,8,0.7709901702940201,0.22923958964102606
78,4,16,1.4148688630193789,0.2726585092972924
78,5,32,0.14059258496399707,0.16886221895613698
78,6,64,5.818394385751617,0.3352796552439102
78,7,128,15.595619260886451,0.3701425008909682
78,8,256,21.052080144087086,0.36589113348778807
78,9,512,23.836024310527137,0.3556034687287613
78,10,1024,27.896420808508992,0.3487344545163941
79,1,2,0.3980632777355635,0.09951581943389087
79,2,4,0.5951218124487907,0.192860346567275
79,3,8,2.4728420917064717,0.3380690943411161
79,4,16,5.9517666172501436,0.39048241620829327
79,5,32,20.25682252472575,0.45630399732006016
79,6,64,13.168928590158885,0.3841773434533391
79,7,128,21.252332417519938,0.3868739814774801
79,8,256,28.478608672943665,0.3799748521333444
79,9,512,33.77039462394896,0.3696386343694931
79,10,1024,47.45758877915796,0.3677651526490901
80,1,2,0.04088947876963078,0.010222369692407696
80,2,4,0.505402156574708,0.17772910506138057
80,3,8,0.48628421256173837,0.19659391230625098
80,4,16,3.970455829502626,0.35289873444521963
80,5,32,2.7067680682429227,0.30509157686289895
80,6,64,14.192395282784673,0.38899972271762645
80,7,128,20.720957171983173,0.38547707366928424
80,8,256,28.78482394909952,0.3804831740213333
80,9,512,33.859617569018155,0.36974701853727165
80,10,1024,43.53324147884268,0.36460457117811956
81,1,2,0.12035695797748636,0.03008923949437159
81,2,4,0.14077615749819294,0.09380037230009836
81,3,8,1.1907285374666827,0.2649786782318997
81,4,16,2.0223231795758636,0.29812791898187974
81,5,32,0.14146992102268996,0.1690724441204181
81,6,64,4.816176862622342,0.3248805760237895
81,7,128,15.894608564451119,0.37114800310269286
81,8,256,24.0638011464398,0.3720579059770378
81,9,512,28.461991256772308,0.36268119655709663
81,10,1024,37.69779677106999,0.3593946480990243
82,1,2,0.10866388073384114,0.027165970183460286
82,2,4,0.14277442364050597,0.09446375748154222
82,3,8,0.5305675633518945,0.20238900122052975
82,4,16,0.8403512252665308,0.23936200722674367
82,5,32,1.3297640712257248,0.264664033927068
82,6,64,10.452394592886776,0.36966582967359135
82,7,128,14.007957296603308,0.3645086497591249
82,8,256,19.666950466951675,0.36279152793103625
82,9,512,21.926237913503428,0.3523189656249559
82,10,1024,24.017444853438064,0.3435521643392339
83,1,2,0.08067367602326736,0.02016841900581684
83,2,4,0.33901453677220506,0.1455623871343927
83,3,8,0.9992932680313409,0.2499410917896597
83,4,16,0.7591697976769751,0.2333590989380546
83,5,32,5.953481907603759,0.3571858256745744
83,6,64,1.7290509593328807,0.27388903185414437
83,7,128,13.340851799551274,0.36197661730026565
83,8,256,18.699593428849766,0.3605114222156058
83,9,512,20.464560958644142,0.3496285954647252
83,10,1024,21.75537855742732,0.34017051940815013
84,1,2,0.2221613175286392,0.0555403293821598
84,2,4,0.4005862675403069,0.15822971187886672
84,3,8,0.06813353591940796,0.10210812891729201
84,4,16,4.715336855142951,0.36839878527247727
84,5,32,10.699325567186861,0.40161626157915276
84,6,64,5.136956741085669,0.3283908088752947
84,7,128,19.65186474670736,0.38257093759755817
84,8,256,29.55559739915043,0.381742028060655
84,9,512,33.297020628204336,0.3690593066223856
84,10,1024,37.51461225398816,0.35921962476452457
85,1,2,0.01597183767191801,0.0039929594179795025
85,2,4,0.2319325414820561,0.12039843787453601
85,3,8,1.9502660414711812,0.31234744775291257
85,4,16,5.180374334914632,0.37716405337416015
85,5,32,0.7838770096947201,0.23811655688388844
85,6,64,0.2961193555020145,0.20410382386270126
85,7,128,17.68638812793324,0.3768549057797375
85,8,256,24.523975301555765,0.37293991493785567
85,9,512,29.348259077727562,0.36391898587762433
85,10,1024,40.831259372178465,0.36227576832971725
86,1,2,0.028605971121320906,0.007151492780330226
86,2,4,0.0457496310764256,0.05347290848903396
86,3,8,0.17370689671530215,0.13949084203403458
86,4,16,4.289403820359752,0.35978184306595895
86,5,32,15.705588035010692,0.4336614813378588
86,6,64,47.04626468918468,0.47500064565249756
86,7,128,19.62890068292836,0.38250704117952
86,8,256,28.18429125196417,0.3794817532791198
86,9,512,31.658743279753253,0.3669961664063212
86,10,1024,33.6677734333789,0.3553541962742165
87,1,2,0.011096826929519299,0.0027742067323798247
87,2,4,0.0711966797157686,0.06670676489109284
87,3,8,0.0609525941968343,0.0983869294172809
87,4,16,0.5836001296845552,0.21850876056099527
87,5,32,2.7003179156499186,0.3049460331273107
87,6,64,18.060860480785777,0.40494534873905563
87,7,128,17.534209849829494,0.37638996597211904
87,8,256,24.315909055912925,0.37254292705111636
87,9,512,27.370758785196813,0.3611091942094147
87,10,1024,31.387086675153114,0.3528703021650757
88,1,2,0.01671159375795206,0.004177898439488015
88,2,4,0.0259725145215306,0.04028997589470193
88,3,8,0.31575985534068707,0.17023896888036333
88,4,16,0.9667586839951525,0.2478960057073739
88,5,32,4.008394260854516,0.3300153152877587
88,6,64,7.619463623169395,0.3506932514780536
88,7,128,14.201134890954563,0.3652225526989986
88,8,256,21.57729440132971,0.3670199164901903
88,9,512,25.01512237699353,0.35751630787848765
88,10,1024,29.961049233330414,0.35123332133603646
89,1,2,0.008153369830305568,0.002038342457576392
89,2,4,0.025527300253950003,0.03994316294275999
89,3,8,1.4793515617717574,0.28485934642714994
89,4,16,3.7535069368870495,0.34797601827516333
89,5,32,4.62025730874268,0.33952615964529803
89,6,64,21.8926403641417,0.41814126856993766
89,7,128,13.522231284523514,0.36267560633592877
89,8,256,19.574944763466192,0.3625789415475375
89,9,512,22.719639140646905,0.35371320920026705
89,10,1024,27.907883501728065,0.34874878143359034
90,1,2,0.23230242623788255,0.05807560655947064
90,2,4,0.3093847730245134,0.13905591793962632
90,3,8,0.09544746057571984,0.11425138358883181
90,4,16,0.34575187005273733,0.19170398603439898
90,5,32,15.922952885695963,0.43485526303171756
90,6,64,26.268973569298623,0.4310363130736796
90,7,128,15.721734331576954,0.3705686239725312
90,8,256,22.80327172535908,0.36956399565210213
90,9,512,25.996212319325423,0.3590477745805459
90,10,1024,30.15831037517637,0.3514638882404529
91,1,2,0.06536110944035589,0.016340277360088973
91,2,4,0.022013169505520125,0.03709208937354443
91,3,8,1.2001159884382098,0.2656732014718204
91,4,16,2.2170438025859482,0.30505881371509225
91,5,32,1.0148069763652074,0.2507360024445311
91,6,64,18.072011649028354,0.40498700836792734
91,7,128,17.416038769237275,0.3760265342520989
91,8,256,23.225474573249812,0.3704124567122565
91,9,512,26.966220021538902,0.36051224209226257
91,10,1024,36.19951930211391,0.35794004554880826
92,1,2,0.05550243285145262,0.013875608212863155
92,2,4,0.4245965317664808,0.16290268025850604
92,3,8,1.1862902113033087,0.26464904081083407
92,4,16,3.828615105388508,0.34970386785130914
92,5,32,2.699710810099191,0.30493231984711683
92,6,64,2.979894008862402,0.2998979369466439
92,7,128,14.676993103460518,0.3669462468986078
92,8,256,20.70078178908807,0.36512229463375495
92,9,512,23.688516683105263,0.3553582793520541
92,10,1024,28.159190817910712,0.34906156038452363
93,1,2,0.08191579355561784,0.02047894838890446
93,2,4,0.3336215895869774,0.14439996312044573
93,3,8,2.7890843026152368,0.3519064463530074
93,4,16,4.490361999811682,0.36392370658704815
93,5,32,13.36099673850157,0.4198631698652179
93,6,64,9.657841828671963,0.3648267631994514
93,7,128,13.835503128744676,0.36386416653813636
93,8,256,18.544532711439388,0.3601363805230175
93,9,512,21.278149008125183,0.35114639469529757
93,10,1024,26.95826621039305,0.3475435271997603
94,1,2,0.04070022872580292,0.01017505718145073
94,2,4,0.02486489751097487,0.03942151816503176
94,3,8,0.5677452592412706,0.20700993110999513
94,4,16,1.3716141997866487,0.27055028876926546
94,5,32,2.972215370170943,0.3108537163194231
94,6,64,9.494359789780901,0.3637901670204984
94,7,128,14.583259406350408,0.3666105441982031
94,8,256,21.10903589201189,0.36601472565783616
94,9,512,25.61057339402032,0.3584520283344581
94,10,1024,36.98587717022747,0.35871009664737324
95,1,2,0.1375744617757415,0.03439361544393538
95,2,4,0.023076815230462344,0.03797763752399425
95,3,8,0.9202808703953309,0.24317194782406543
95,4,16,1.9718795691485411,0.2962511913388646
95,5,32,10.856354964834281,0.40278827101006087
95,6,64,12.30024815235447,0.37983267395784553
95,7,128,15.70496918002209,0.37051214637684
95,8,256,23.089308216120116,0.3701403010116097
95,9,512,26.593897341546835,0.3599557524764422
95,10,1024,31.560388423968107,0.3530646547874881
96,1,2,0.055306395903711,0.01382659897592775
96,2,4,0.11533137618067091,0.08490118380383121
96,3,8,0.5140353861581239,0.20026467382366614
96,4,16,1.9165110695414995,0.29414931521548837
96,5,32,7.2388834795267485,0.37142773151884567
96,6,64,13.066905087480336,0.3836796790256771
96,7,128,12.971774677625945,0.3605287662848032
96,8,256,18.47771352528798,0.35997391997382217
96,9,512,22.1040509933664,0.3526352901964069
96,10,1024,30.438040011678822,0.35178853143412114
97,1,2,0.19799490795439167,0.04949872698859792
97,2,4,0.10683424902957661,0.08171377218283671
97,3,8,0.2816686972990041,0.16387757812153553
97,4,16,0.9027840238092608,0.24368902756075858
97,5,32,6.225321565002105,0.3603896969373149
97,6,64,21.95689758894332,0.4183455670359881
97,7,128,17.488459070182216,0.37624951056711636
97,8,256,25.55841808346304,0.3748709224890076
97,9,512,31.81992058159085,0.3672032990654962
97,10,1024,47.346049901330844,0.36767862578961036
98,1,2,0.0014532751979614567,0.00036331879949036416
98,2,4,0.12973853933111812,0.09004809108579083
98,3,8,1.2312281464516346,0.2679494399882999
98,4,16,1.5209585380364388,0.2776318918362292
98,5,32,7.198598153637761,0.37101339946018547
98,6,64,17.86067903383946,0.4041938206304818
98,7,128,21.772379147818356,0.38821241620881997
98,8,256,31.322184346317954,0.38452228448172576
98,9,512,37.61362340999767,0.37409194854347705
98,10,1024,52.050874892040156,0.3711784997203945
99,1,2,0.13567753291801332,0.03391938322950333
99,2,4,0.5921007649999455,0.19237021030423757
99,3,8,1.0068058425307918,0.2505658717345621
99,4,16,3.4836261238675803,0.34154496965847564
99,5,32,6.5656764058308,0.3642469329183713
99,6,64,5.271400700285994,0.3298078691872385
99,7,128,16.310133756873256,0.37251882650918006
99,8,256,21.518982396199135,0.36689578708400633
99,9,512,23.53545230254531,0.3551024144586207
99,10,1024,25.41132767405361,0.34549577775921203
